{"cameraMode":{"drawMode":0,"name":"Shaded","section":"Shading Mode"},"sceneLighting":true,"audioPlay":false,"sceneViewState":{"m_AlwaysRefresh":false,"showFog":true,"showSkybox":true,"showFlares":true,"showImageEffects":true,"showParticleSystems":true,"showVisualEffectGraphs":true,"m_FxEnabled":true},"in2DMode":false,"pivot":{"x":30.391708374023439,"y":5.6926589012146,"z":-1.6981793642044068},"rotation":{"x":0.1689712107181549,"y":-0.017121538519859315,"z":0.002947153989225626,"w":0.9854844212532044},"size":0.6543200016021729,"orthographic":false}